artistName,account_uuid,tour_name,tour_uuid
Air Supply,acct_a8a31910-3500-4151-89b5-61b1a2ccb259,US Tour 2023 Q3 (Jul-Sep),tour_40bb2599-f86b-467a-a3d4-c0f97f994c30
Air Supply,acct_a8a31910-3500-4151-89b5-61b1a2ccb259,US Tour 2023 Q4 (Oct-Dec),tour_d86505c9-9be1-4e8d-ab84-4a4e1362b619
Air Supply,acct_a8a31910-3500-4151-89b5-61b1a2ccb259,US Tour 2024 Q1 (Jan - Mar),tour_5db8c751-c41b-4fda-bfa3-fc20b755dd56
Air Supply,acct_a8a31910-3500-4151-89b5-61b1a2ccb259,US Tour 2024 Q2,tour_b049426b-49b9-4160-89ca-2f3d861d9ecf
Alan Parsons Live,acct_f8cf4d05-11a1-49a9-ad54-247240365cd0,April US 2022,tour_eee8d7ef-1f08-44ba-b1c2-c40198cc396e
Alan Parsons Live,acct_f8cf4d05-11a1-49a9-ad54-247240365cd0,Jan - Feb 2022,tour_594a9ab8-3a44-46e0-b89b-9482f7fe0654
Alanis Morissette (MH),acct_96d4d299-d37f-4608-a060-1a54955a7673,June - August US & Canada 2024,tour_f04b03ad-cedf-42e4-8e1f-e1d4e2105b65
Alanis Morissette (MH),acct_96d4d299-d37f-4608-a060-1a54955a7673,Sept US Festivals,tour_f9438d8d-73aa-45bd-89ea-538de28234a8
Alec Benjamin (MH),acct_f431f798-3609-4336-8f5d-2cbc873022af,April - May 2020,tour_5088ba5f-23be-4596-8f75-17c6c0b4ae70
Alice in Chains (MH),acct_89963236-58cd-4a09-b533-28512f18df6d,SNW 2024,tour_2e704724-c798-48e9-86a3-232c6ed025a6
All That Remains (MH),acct_6e53f64b-95dc-4b2c-b01c-bfe0fed74f55,TFOI 15 Year Anniversary Tour March - May 2022,tour_ee65d598-35e5-4583-be56-112ee2e25936
Apocalyptica,acct_a5bae9ac-1d94-4ce7-8562-961ed221e9f5,April - May US & Canada 2022,tour_46f2b9ea-f4b1-4273-bcf0-2087e2fca484
Apocalyptica,acct_a5bae9ac-1d94-4ce7-8562-961ed221e9f5,Sept - Oct US 2022,tour_366a8229-34ad-4273-a1d4-f7de24330208
B 52's,acct_89a9341e-29fb-4c40-9cd5-45f9ad819774,Vegas Residency Apr 2024,tour_5379741a-6ca0-40ae-9bc5-f94e1703e8f2
BOYS LIKE GIRLS (MH),acct_7bd2bfba-d166-4cf0-bdf6-e824b2cd898a,2024,tour_5148992d-691d-49c3-af56-d21f3e902caf
BOYS LIKE GIRLS (MH),acct_7bd2bfba-d166-4cf0-bdf6-e824b2cd898a,First Tour,tour_c6fb5ea3-ff40-4b35-8d03-b7502fdab14b
Bert Kreischer (MH),acct_45b901e9-9a3f-4669-98ba-5bfa456ed7be,Berty Boy Jan - May 2022,tour_6c8338c5-4ff2-48c4-9661-53fa768c0a02
Bert Kreischer (MH),acct_45b901e9-9a3f-4669-98ba-5bfa456ed7be,Fully Loaded Festivals June 2022,tour_9a282c1d-890b-4533-be62-82acfed07511
Billy Idol (Manhead),acct_5be17d87-9d22-4364-a7a3-5c141f8c1532,August - October US & Canada 2023,tour_c15ea37f-5a84-4e25-b81e-4f783c6bc5e4
Billy Idol (Manhead),acct_5be17d87-9d22-4364-a7a3-5c141f8c1532,Feb - March 2024,tour_5865df66-015b-4381-b45d-4a242db6febb
Billy Idol (Manhead),acct_5be17d87-9d22-4364-a7a3-5c141f8c1532,US May 2024,tour_5fe0392e-99bf-4540-9d0c-d045f3ccad9e
Billy Porter (MH),acct_24f38e23-b2bd-43ea-a820-6fa041186257,April - June USA 2023,tour_c83e8208-08e5-4440-8154-ac7590893893
Billy Porter (MH),acct_24f38e23-b2bd-43ea-a820-6fa041186257,Miami 2024,tour_7cba6bd2-8dd4-435c-a651-f7482b638f78
Black Pistol Fire,acct_cd0a645c-731c-4e63-af5d-6e84c6f7770f,Bad Habit Tour,tour_9cb8f003-1b1d-459a-9422-994405bf7f81
Black Pistol Fire,acct_cd0a645c-731c-4e63-af5d-6e84c6f7770f,July - August 2021,tour_f0af06f9-606b-440b-b759-5eec5dfeefd3
Black Pistol Fire,acct_cd0a645c-731c-4e63-af5d-6e84c6f7770f,Spring East Coast 2022,tour_4f03437a-ed55-483a-9773-edf47f01727a
Blindside (MH),acct_5ae70467-6631-40d3-83bb-ff670e285a2a,First Tour,tour_a67dd113-34f2-4b9b-97f0-5213968f18eb
Butch Walker,acct_76e1f7b4-3c35-4b62-82da-e93ea2b358f2,Oct-Nov 2022 Tour,tour_c3ebbb61-9397-433d-9603-45e5652b2115
Butch Walker,acct_76e1f7b4-3c35-4b62-82da-e93ea2b358f2,Pilgrimage Festival 2021,tour_34446432-f98e-4d06-b7b5-c50d8c4042d6
COIN,acct_7272c142-af6a-4b85-82d7-42763782821b,Fall Headliner 2019,tour_f5962b31-48f9-4c1d-8412-5180184e51be
COIN,acct_7272c142-af6a-4b85-82d7-42763782821b,Rainbow Dreamland Tour 2021,tour_cd13f4db-c344-4f9b-b45c-da12103d9de3
Celtic Thunder (MH),acct_12a3affe-0f18-4d3f-84f7-0362ab344a11,Oct - Nov 2023 US & Canada,tour_c872141c-911e-4072-a47a-a3b4cfde74fa
Celtic Woman,acct_91b41416-38fd-4e41-9d3b-49b3349f5608,20 Year Tour Feb - May 2024,tour_1a0c91d6-0541-4a7b-9010-926381b1553a
Celtic Woman,acct_91b41416-38fd-4e41-9d3b-49b3349f5608,Christmas Symphony US 2023,tour_570fdd4a-e99e-43d2-87d2-c5201ff1f4b3
Chvrches (MH),acct_89a94ec0-11f8-4dbf-91c8-dabaaaf588d3,Brazil March 2023,tour_6239b537-e65d-4f82-927b-154689d50b8b
Chvrches (MH),acct_89a94ec0-11f8-4dbf-91c8-dabaaaf588d3,Jan 2023 US Festival,tour_aed4fb89-653e-47c4-a885-ab1bd5439c05
Circa Waves (MH),acct_0fe4cc07-eb72-41c3-91d5-d497dc9942af,UK Aug-Sept 2021,tour_c7c5766e-8838-4323-afc3-872b5c6cc272
Clandestine,acct_6bd58a5f-4932-4e52-8cb1-12edce5d2905,EU - UK Oct - Nov 2023,tour_862422f2-23ef-4675-a110-16f06f7720de
Clandestine,acct_6bd58a5f-4932-4e52-8cb1-12edce5d2905,Feb - April 2024,tour_3dd33975-941e-4799-8cd7-4dce0e4f7969
Clandestine,acct_6bd58a5f-4932-4e52-8cb1-12edce5d2905,First Tour,tour_e1d998ad-5422-4620-b206-26dca63a0747
Clay Walker (MH),acct_41b34f8b-e952-4f91-9942-972f70f0d87b,2020,tour_df7cd003-14a0-4e0a-bde3-b49453547353
Clay Walker (MH),acct_41b34f8b-e952-4f91-9942-972f70f0d87b,2021 Tour,tour_544c40fe-bbc0-4f36-a870-1511b7f2f48a
Country Music Association (MH),acct_c1d937ce-86e4-430a-83d3-b8b8eb15238a,CMA Awards 2022,tour_a8342989-b958-4157-9e3d-d393eefc91ca
Country Music Association (MH),acct_c1d937ce-86e4-430a-83d3-b8b8eb15238a,CMA Awards 2023,tour_705497ce-cac1-4db0-9d31-b987af01bc64
Country Music Association (MH),acct_c1d937ce-86e4-430a-83d3-b8b8eb15238a,CMA Fest 2022,tour_2fb93487-d374-4eb3-b1aa-b54a6d1e496a
Country Music Association (MH),acct_c1d937ce-86e4-430a-83d3-b8b8eb15238a,CMA Fest 2023,tour_9cf100ae-664c-4df4-a0b9-578694c980c0
Country Music Association (MH),acct_c1d937ce-86e4-430a-83d3-b8b8eb15238a,CMA Fest 2024,tour_8e301fd5-2a4c-41e0-8092-c28dd1181126
DIR EN GREY (MH),acct_84e1af57-a874-4811-ad5b-295958361d6a,Self Destruction Tour 2019,tour_b03a3ffc-2905-46d0-9961-fcf0d6d19945
Dean Lewis (MH),acct_0c34d623-f0ce-4bcb-b574-50831641e48b,May - June US 2022,tour_c8c1379c-45e9-4377-a06a-21e731d37c3c
Deftones (MH),acct_42322d91-9a5e-497e-bf83-542ace362afc,Coachella 2024,tour_f21c8114-c3db-4c23-9a84-261b1662ddfb
Eagles Of Death Metal (Manhead),acct_70089ea2-054f-441d-8753-95ad6edb1ed9,AUS - NZ July - August 2023,tour_50a348d8-353d-482d-a3c9-547e4b6b2682
Eagles Of Death Metal (Manhead),acct_70089ea2-054f-441d-8753-95ad6edb1ed9,EU - UK July 2023,tour_8e8d4b68-24fe-4e35-a42f-381fe0daa4db
Eagles Of Death Metal (Manhead),acct_70089ea2-054f-441d-8753-95ad6edb1ed9,Feb 2023 Mexico ,tour_d0d3802b-2abe-4109-a8af-4d0532ab3744
EarthGang,acct_b84d6d51-ec87-41b3-8de4-07fa50b8928d,April 2024 US One Offs,tour_16b85093-c593-4cc2-8b31-7ac9232aafab
Emerald Cup Festival (MH),acct_2366ee45-8289-43de-af43-f557ff187b1d,First Tour,tour_c421e3d3-13d2-4fcf-8e3e-517cf009d5e3
Emerald Cup Festival (MH),acct_2366ee45-8289-43de-af43-f557ff187b1d,May 2022,tour_f274e365-053c-416c-a223-cecd905d7ce8
Fall Out Boy,acct_1d26a25e-3035-41e7-9bf9-4e0656e3fb34,Feb - April USA 2024,tour_de4dac59-e72e-4bf3-953a-0e5033d1371a
Fall Out Boy,acct_1d26a25e-3035-41e7-9bf9-4e0656e3fb34,Jan One Off 2024,tour_f71a8d73-7777-431e-a793-4accfb788a90
Fall Out Boy,acct_1d26a25e-3035-41e7-9bf9-4e0656e3fb34,June - August NA 2023,tour_08e78445-7b90-4e4d-9e8a-caded2e0dbc9
Games We Play (MH),acct_94c697e2-41b9-4252-a10f-980b6b2b47ad,First Tour,tour_49be930f-8e0d-48af-b046-97f41fcebb7f
Gang of Youths (MH),acct_1140e1f4-30c0-4bf9-a8f7-d4083fc5cb37,Mumford Support Sept/Oct 2019,tour_440928c5-fa34-4bc8-bab2-376509e795d3
Gavin DeGraw,acct_ef83e03d-b22e-4cde-ada2-76c7db2e051d,Gavin One-Offs Q1 24',tour_ef07a1ed-78b2-45b2-81c4-4ecaa0304e08
Gavin DeGraw,acct_ef83e03d-b22e-4cde-ada2-76c7db2e051d,Gavin US Tour 2024,tour_127f8aff-5203-4612-b121-2adb2a3b14be
Goodbye June (MH),acct_a238eed8-4297-4ede-b2ad-b74f7d2882cf,Europe Fall 2019,tour_ff2eef24-ee8c-4e00-b8de-40a75a50cea8
Goodbye June (MH),acct_a238eed8-4297-4ede-b2ad-b74f7d2882cf,Nashville (One-Off),tour_476d0290-6497-48c1-86fa-e8e65953a707
India Arie (Manhead),acct_ac59992e-96dc-4cab-826b-b3cf72eeeea0,First Tour,tour_a7776bc6-73ad-41aa-abe0-8a00c6db292d
J.I.D.,acct_f49bc934-5108-41f4-b4e0-6baeb2c9c555,Dreamville April Festival 2024 US,tour_63f0a736-e64c-4464-8cf8-ae5871bf75aa
J.I.D.,acct_f49bc934-5108-41f4-b4e0-6baeb2c9c555,May - June 21 Support Tour,tour_f062b16e-73ef-4c64-991f-f7580bb940c2
JXDN,acct_f2588308-dd4b-4aa5-971d-c8f376fc5a77,Feb - April US 2023,tour_380700c5-ab31-4984-b1ab-fd8b3d586ee2
JXDN,acct_f2588308-dd4b-4aa5-971d-c8f376fc5a77,July USA 2024 Tour,tour_06c871eb-b946-4d2b-8e7d-f5fd480fd029
JXDN,acct_f2588308-dd4b-4aa5-971d-c8f376fc5a77,Oct 2023 US,tour_054b8bb5-1d11-475e-8af1-03035081f7ce
JXDN,acct_f2588308-dd4b-4aa5-971d-c8f376fc5a77,Sept - Oct EU - UK 2024 Tour,tour_0797b42f-c70e-4bac-b08c-1bdb0a72fa74
Jelly Roll (MH),acct_3e054d05-1a64-40cc-964e-2295ff214d5f,Backroad Baptism Tour 2023 Q4,tour_8d655a76-a30e-4003-85c8-c2d55d2dc111
Jelly Roll (MH),acct_3e054d05-1a64-40cc-964e-2295ff214d5f,Houston Rodeo 2024,tour_f4478e86-41b8-40bc-b1bd-829218ce01d2
Jelly Roll (MH),acct_3e054d05-1a64-40cc-964e-2295ff214d5f,One Offs Q2,tour_18901fb7-170c-4309-a855-f64b42bd425c
Jelly Roll (MH),acct_3e054d05-1a64-40cc-964e-2295ff214d5f,One-Offs Q4,tour_919e0dd3-00ad-4284-8762-81946977a4ad
Jerry Cantrell (MH),acct_1d621864-6265-4451-8ca7-80aa070840ad,Brighten US Tour 2023 (Jan-Apr),tour_77a0c33f-5824-4164-be0f-56cfca719768
Jewel (Manhead),acct_9218aee8-4bad-4610-b23a-aa7ff9848ade,2023,tour_80956185-49e1-4ded-a40c-389a66f0bd11
Jewel (Manhead),acct_9218aee8-4bad-4610-b23a-aa7ff9848ade,Train Support Tour June - August 2022,tour_3fb18576-b6fd-4ac8-a8d6-845e43ecd65b
Joan Jett (MH),acct_9c6598d9-2272-4863-9091-7f99851689a8,First Tour,tour_07909f1b-f476-470a-9a4a-944b96b9b44f
Joe Perry Project,acct_d3b33cb6-3926-4f3e-8768-3d8f67aeb0ac,US Tour 23' (Apr),tour_a78257c7-c869-4855-acdd-ec2b35fdc611
Joji (MH),acct_4eb36404-11c5-43b3-8d71-e7e184e726a5,Fall 2022 (9/1-10/22),tour_26da3243-81da-4419-83de-b2559da27329
Joji (MH),acct_4eb36404-11c5-43b3-8d71-e7e184e726a5,Pandemonium Tour 2023 (Aus/Asia),tour_61497d62-220f-41cd-b21d-358a923cdeb6
Joji (MH),acct_4eb36404-11c5-43b3-8d71-e7e184e726a5,Pandemonium Tour 2023 (Sept-Nov),tour_e86a0ef8-b6ff-424d-9c8c-9ccec51342ad
Jukebox The Ghost (Manhead),acct_41b1bf77-e858-4dc6-a70c-c3026afaf25a,Cheers To A Tour 2021,tour_f9bdf36a-a926-4379-a663-603ed4c84549
Jukebox The Ghost (Manhead),acct_41b1bf77-e858-4dc6-a70c-c3026afaf25a,Cheers to More Tour 2022,tour_cc434338-5732-493f-8a01-098729a94af0
Justin Hayward (Manhead),acct_10b28a90-70cb-437c-b4fc-1acb5ca32e11,Justin Hayward- Nights Tour,tour_2aa3a9b0-900b-4561-9f80-df198eed4b1e
Justin Hayward (Manhead),acct_10b28a90-70cb-437c-b4fc-1acb5ca32e11,May - June US 2022,tour_296de83c-f690-4829-8328-66b3d902fd3b
Kameron Marlowe (MH),acct_2b370249-7265-492e-9f13-a21dfb356c49,KM AUS 2024,tour_6537dcae-d0e2-4337-9282-26ee59e86a5f
Kameron Marlowe (MH),acct_2b370249-7265-492e-9f13-a21dfb356c49,KM Q1 2024,tour_1a0acc3a-47aa-4dae-941e-f18b2c366bcd
Kameron Marlowe (MH),acct_2b370249-7265-492e-9f13-a21dfb356c49,KM Q2 2024,tour_1e05078e-c357-4ba0-a0b2-9a36be3cd609
Kevin Griffin,acct_76078ce5-1d88-4fc3-863d-ac8d1578cef0,Fall Tour 2019,tour_3f3bb66b-8e24-4ee4-824b-c6374c526de8
LIMP BIZKIT (MH),acct_114c4e06-e451-4bd5-92ac-27027f11a851,April - May US  2022,tour_bdccf1cb-8d08-41c3-86dc-a55e8a2f9f3e
LIMP BIZKIT (MH),acct_114c4e06-e451-4bd5-92ac-27027f11a851,Pop Up Tour,tour_312455b7-1c36-4b76-a1cb-96c1e3146304
Lainey Wilson (MH),acct_3047690c-95b0-422e-bc1a-e662b208c0e4,Country's Cool Again EU Tour 24',tour_682825a2-2671-44e9-b92c-6530c953e13e
Lainey Wilson (MH),acct_3047690c-95b0-422e-bc1a-e662b208c0e4,Lainey Wilson AUS 2024,tour_b593c6de-5790-40a1-9736-4ac21ae15b08
Lainey Wilson (MH),acct_3047690c-95b0-422e-bc1a-e662b208c0e4,Lainey Wilson Q1 2024,tour_37f9d24c-0916-4943-838d-093097ef4ae3
Lauren Jauregui (MH),acct_f95191b8-abb6-4452-befc-4dc311ea9b8c,An Evening With Tour 2021,tour_f91cd9fb-9313-4280-a04f-4bbe1b41010c
Lennon Stella (MH),acct_f28dd16e-05a7-486a-ac2e-16e0e69022bd,First Tour,tour_cf8d6c8d-265a-4e04-bf76-03a676d6f7f2
Lukas Nelson + POTR,acct_e630bb3e-cf04-41c3-955a-8f3e1db8d22a,April One-Offs 2024,tour_e5f402dc-9a12-45ba-86e1-9dbab5595d6a
Lukas Nelson + POTR,acct_e630bb3e-cf04-41c3-955a-8f3e1db8d22a,LNPOTR-Whiskey Myers 2024,tour_5471d000-350d-42cb-9a82-32ac5144fd59
Lukas Nelson + POTR,acct_e630bb3e-cf04-41c3-955a-8f3e1db8d22a,US Tour 2024 (Feb-Mar),tour_e5287777-9335-4fc8-9607-6732298a883b
Lykke Li (MH),acct_373aad4f-1a37-4f8f-943f-5d5988d08f24,First Tour,tour_e4497c67-7ef7-44dc-ba87-2537e7609ad1
Lynchburg Music Fest (Artist),acct_729fb633-7681-4110-9df9-77a72a4ec54a,LMF 2020,tour_88edc31b-d426-4a51-8fd8-dc427b069ed3
Machine Gun Kelly (MH),acct_921d06d2-8d76-4360-8a11-42e883dc19e8,Cleveland Holiday Show,tour_58636783-b511-42a1-8379-19061cfe31d9
Machine Gun Kelly (MH),acct_921d06d2-8d76-4360-8a11-42e883dc19e8,LA Superbowl Show 2/10/22,tour_551a2a64-e54c-4abe-80c0-0af94ce95a21
Machine Gun Kelly (MH),acct_921d06d2-8d76-4360-8a11-42e883dc19e8,One Offs 2022,tour_6ddaf9b2-fa89-4f37-8887-8b9a0beeecdc
Machine Gun Kelly (MH),acct_921d06d2-8d76-4360-8a11-42e883dc19e8,TTMD Fall Headline 2021,tour_6baca9a9-2889-4599-864e-ef55ac998162
Machine Gun Kelly (MH),acct_921d06d2-8d76-4360-8a11-42e883dc19e8,UK - EU Sep-Oct 2022,tour_bae1cdeb-4cfe-4b9f-9959-2a3e2e9945d1
Machine Gun Kelly (MH),acct_921d06d2-8d76-4360-8a11-42e883dc19e8,US Summer 2022,tour_038a5b45-0ca8-4b95-a642-d130d786afe2
Macklemore (MH),acct_ebd355ba-8192-4bec-9cc1-ceb5945628f2,Macklemore EU Tour 23' (Apr - Aug),tour_a181e9c8-a804-4cde-99b2-4aa3281897ea
Macklemore (MH),acct_ebd355ba-8192-4bec-9cc1-ceb5945628f2,One-Off Seattle 2023,tour_ccf33901-1a69-40bb-8147-6fa40fe658d8
Maddie Zahm (MH),acct_a0834bd1-85c4-468f-9668-cb3dcaa22e6f,First Tour,tour_043f1d00-4274-426f-9b46-a07013611df9
Maddie Zahm (MH),acct_a0834bd1-85c4-468f-9668-cb3dcaa22e6f,May US 2024,tour_72895bf6-c3d4-42f1-9d3f-2dbbfb7ec1ba
Madness (MH),acct_2b732b4d-b574-4985-ae87-95a73cbc108d,USA May Tour 2020,tour_fb7a88b8-826f-4472-bd92-cd320c83ffd1
Madness (MH),acct_2b732b4d-b574-4985-ae87-95a73cbc108d,US Tour May 2024,tour_0230c43a-8bbf-4d04-90d0-bc10d2ee4dfb
Manchester Orchestra (MH),acct_3b3c2a34-619d-459f-bd66-d431f5d43bcc,March 2024 One Off,tour_e50cd093-2205-48de-a069-2c629879b598
Manchester Orchestra (MH),acct_3b3c2a34-619d-459f-bd66-d431f5d43bcc,Nov US 2024 Leg 2,tour_c64446e4-eff9-4d24-af5f-74798fad2125
Manchester Orchestra (MH),acct_3b3c2a34-619d-459f-bd66-d431f5d43bcc,Sept 2024 US Leg One,tour_d07b6a8e-35dd-4037-90c5-a4eac50541d8
Manhead,acct_ebe77bc6-b383-4edf-a79e-b7c2da1bb065,First Tour,tour_a1e73aef-a7fe-48e1-af70-0a97c0ec0feb
Manhead Training Account,acct_ff128740-56bc-494d-bacc-f6746001c760,First Tour,tour_2c3ec5d4-c3b0-40af-867f-9fa16d1d336b
Manhead Training Account,acct_ff128740-56bc-494d-bacc-f6746001c760,Juan Test Tour,tour_863cb1db-2a26-4151-ab84-4510e642fa06
Marc Rebillet (MH),acct_10b1473d-97c3-4d10-8a9c-19c3d1b17703,Drive In Tour June 2020,tour_b96f3849-9d11-48bd-9a7c-7f2c5e8c24f2
Marc Rebillet (MH),acct_10b1473d-97c3-4d10-8a9c-19c3d1b17703,October - November Drive In 2020,tour_73156a09-8afb-43dc-88b2-57b18c8a1720
Marina (MH),acct_afe8daef-ee2d-4407-9142-9a1e007d82e4,PATD Support Tour,tour_4609fe5d-2ad1-4bae-86b9-98608e98bcaa
Marvelous 3,acct_463af93f-4a88-4da3-968f-eb1042a060aa,First Tour,tour_72a5eb56-a841-4652-8042-660a1b709e46
Marvelous 3,acct_463af93f-4a88-4da3-968f-eb1042a060aa,Oct 2024,tour_2fe5d1fd-657d-4b16-98ec-7009eb1b6738
Masiwei (MH),acct_1e8ec2ac-82f8-40de-ac65-1cfb62314363,Masiwei 23',tour_50ad1d28-8d99-4dda-acf5-03ba20abbe9c
Matt And Kim,acct_1f24a0be-0f18-42ca-a727-ad781fb73e17,Grand 10 Year Tour,tour_3e21266e-b868-4c4b-8441-558a638c6d2a
Matt And Kim,acct_1f24a0be-0f18-42ca-a727-ad781fb73e17,Sept - Oct US 2023,tour_d19e9f1a-e204-429d-88c4-e0bbc26cea2a
Matt Nathanson,acct_4f9bec59-e706-4587-a525-d25d5642ba7d,US Tour 2024 Q2,tour_cad6efb7-7240-4083-a3c6-b460c8acaafd
Max,acct_c64e0c94-6577-4833-a78a-6f0a954e1172,MAX / BTR Tour 2023,tour_56f42cd0-4ba4-46b1-800b-9198a4c59560
Megadeth,acct_72a85b88-8b06-4558-b17a-125e06effde8,South America Tour 2024,tour_49a940bb-0e96-44a4-b4ba-adf907d2abdd
Michael Franti & Spearhead (Manhead),acct_c30ca093-516e-4f6b-9e82-007e3be41a27,April 2024 One Offs,tour_bf288453-e3e8-4038-89e8-077a445920bb
Michael Franti & Spearhead (Manhead),acct_c30ca093-516e-4f6b-9e82-007e3be41a27,May - July US 2024,tour_cdbd2ed8-26c7-4260-8d6e-12100d9dbfff
Midnight Oil (MH),acct_51457dec-c6fd-4fbd-8ef9-1804af511859,First Tour,tour_63851832-88af-46e5-a4cc-387326928606
Midtown,acct_68b4508d-5ce9-4d88-b650-9c9cabe83c27,August - Dec 2022,tour_9cac6e48-da2f-4a20-ba90-4d4c4353e98a
Miyavi,acct_882bb400-cbf3-4f69-808e-5e28eaf051bd,US - Canada Fall 2021,tour_a73b64fa-f305-4a15-b1e0-a6c0d46e7d3a
Morrissey,acct_899be3f7-657d-4e60-98b6-181c96c15b4f,Jan CA 2024 Tour,tour_4e84d3b0-8aab-4ead-bc96-5a378340b8d0
Morrissey,acct_899be3f7-657d-4e60-98b6-181c96c15b4f,Oct 2023 US,tour_870b9c1f-4193-4469-9dc0-8ce823051b44
Motion City Soundtrack - MH,acct_e64ca9e5-d052-4f68-b735-1057edae4a56,Don't Call It A Comeback US 2020,tour_ddf1c414-79ab-4d4c-86ca-c8cc63c4b6df
NIKI,acct_bc7dd7e4-6937-4618-86a2-d7629015dc42,US 2023,tour_e3e318c4-e0c4-4c6a-9190-b0fd0634d310
Nessa Barrett (MH),acct_d501c508-6b44-4c86-a67c-715dc9c7ee37,Feb - March 2023,tour_6c748475-0bbc-49c8-a34e-96f05d4efa18
Nessa Barrett (MH),acct_d501c508-6b44-4c86-a67c-715dc9c7ee37,May UK & EU 2023,tour_83b39cc2-754e-41c2-9371-2ddb9ab0859e
New Edition,acct_10c3c133-7475-4dce-9acd-eeb0eb04a99b,2023 Tour,tour_af30e677-6a47-43f6-8d00-a498b8f73c53
New Edition,acct_10c3c133-7475-4dce-9acd-eeb0eb04a99b,2024,tour_fc243558-0cbe-4622-a8dd-7c97c460a146
New Edition,acct_10c3c133-7475-4dce-9acd-eeb0eb04a99b,First Tour,tour_02ff93d3-f730-4894-8d5b-b1d6cf179184
Noel Gallagher HFB (MH),acct_8076ba73-d7a3-46ec-b7fe-99164e7ba5df,Noel-Garbage Coheadline June - July 2023,tour_f5dd1925-9fca-465f-81eb-b8d00a56578d
Oliver Anthony (MH),acct_61bff34b-3d39-401f-9fc3-3e142a689b31,AUS 2024,tour_de348d35-4963-48aa-b74a-c01995f2cd20
Oliver Anthony (MH),acct_61bff34b-3d39-401f-9fc3-3e142a689b31,Europe Tour 2024,tour_60927cd9-8157-4c3f-8666-b87d4b2e5b18
Oliver Anthony (MH),acct_61bff34b-3d39-401f-9fc3-3e142a689b31,Houston Rodeo 24',tour_33722ae0-a661-450f-bc2a-8897dca2a5f8
Oliver Anthony (MH),acct_61bff34b-3d39-401f-9fc3-3e142a689b31,US 2024 - Leg 2,tour_b4ea48c4-b2ec-4a1c-9eee-e6d93bcf53c9
Oliver Anthony (MH),acct_61bff34b-3d39-401f-9fc3-3e142a689b31,US Tour 2024 Leg 1,tour_b685e7de-1a1d-4a25-a608-9818c1a1fccb
Panic! At the Disco,acct_af9137c6-6d19-4c8c-a9a6-362e464e8cf2,EU - UK Feb - March 2023,tour_407574fa-7a27-4c0e-bab0-d357f58134cd
Panic! At the Disco,acct_af9137c6-6d19-4c8c-a9a6-362e464e8cf2,Sept - Oct US & Can 2022,tour_19755ac7-f7c7-45ca-972a-255193a76e35
Peter Bjorn and John,acct_d5f0ea42-bd75-4a40-8d99-fbca17a629de,March - April US 2020,tour_1f1503c7-8ebf-4052-98a7-af2b4a73fc4e
RATT (MH),acct_6ff29cef-e00d-4da1-9d35-b2f405d9599e,In Your Direction Tour 2019,tour_35a99a21-4ec4-49dd-afaa-e6ce36272870
RATT (MH),acct_6ff29cef-e00d-4da1-9d35-b2f405d9599e,ONE OFFS 2020,tour_fb9cbd22-a3b0-41e2-9b55-a63d643878ee
Royal Blood (MH),acct_ac94c8a8-fd65-4832-bd05-55edbbb60890,May US 2024,tour_fe88f4aa-c4d1-4daf-9355-80752f094720
Royal Blood (MH),acct_ac94c8a8-fd65-4832-bd05-55edbbb60890,Nov US 2023 (Leg 2),tour_a330209a-89fe-4256-a310-93098beef3be
Royal Blood (MH),acct_ac94c8a8-fd65-4832-bd05-55edbbb60890,Sept - Oct (Leg 1) 2023,tour_378e2955-8dcb-4f08-9367-314ef34bc38e
Seal (MH),acct_fa1997e4-9ff9-49c6-a3f9-797765ec1e33,Seal International 2023,tour_685b9dd9-633e-4b91-a086-f86f7fa1523e
Seal (MH),acct_fa1997e4-9ff9-49c6-a3f9-797765ec1e33,Seal US One-Offs 2024,tour_1af34818-69c6-41bd-8fb4-08b591f89083
Seal (MH),acct_fa1997e4-9ff9-49c6-a3f9-797765ec1e33,Seal World Tour 2023 (Apr-Jun),tour_81a2bc29-f5a3-45ca-8c88-236006c00840
Sebastian Maniscalco (MH),acct_4a396b4b-6382-4811-8021-845d75d8c55d,Canadian Nobody Does This 2022 Tour ,tour_d003329a-9508-43da-90dc-f7bb49bdf940
Sebastian Maniscalco (MH),acct_4a396b4b-6382-4811-8021-845d75d8c55d,Nobody Does This Tour 2021,tour_d5c40118-3674-4d8f-8bff-eed7af0498af
Sebastian Maniscalco (MH),acct_4a396b4b-6382-4811-8021-845d75d8c55d,Nobody Does This Tour 2022,tour_b8e7a422-8cf5-40cf-b95a-e379d7f3de5a
Sexyy Red,acct_55c37c50-cae3-4235-a4e0-28245331b392,First Tour,tour_0b1e8bf2-ebeb-45c9-b7dc-10de68a7df8b
Shame,acct_56a78e31-91cb-4b24-b3bc-342c7bc965eb,Aug - Oct 2022 Tour,tour_6acde840-abbb-41ad-983e-34700821071f
Shame,acct_56a78e31-91cb-4b24-b3bc-342c7bc965eb,US Fall Tour 2023,tour_4116e282-08b3-4095-902e-6435aa377a53
Shame,acct_56a78e31-91cb-4b24-b3bc-342c7bc965eb,US Tour 2023 (May - Jun),tour_440edd5b-cacb-4859-a3aa-311a4654dd38
Skegss (MH),acct_c1b77257-0ee4-482e-bbdc-9c0240bf00e9,May UK 2023,tour_373bf17b-2857-4767-9340-353cda48e13a
Skegss (MH),acct_c1b77257-0ee4-482e-bbdc-9c0240bf00e9,Spring Tour 2023 (Feb-May),tour_35613817-99ad-4847-ac66-2e09e6d70411
Skegss (MH),acct_c1b77257-0ee4-482e-bbdc-9c0240bf00e9,US-CAN Nov Tour 2022,tour_cef25715-cf67-45cd-9cf2-016679e43703
Skegss (MH),acct_c1b77257-0ee4-482e-bbdc-9c0240bf00e9,US One-Offs 2023,tour_7df58acc-4f18-48c1-b57c-026f23b2643f
Sonic Symphony ,acct_7d732ee9-9062-49f8-b272-a980d4dc7e5f,April US 2024,tour_87c64830-be03-46e2-bbd3-071289f7b5ee
Sonic Symphony ,acct_7d732ee9-9062-49f8-b272-a980d4dc7e5f,June EU 2024,tour_feec8cfa-3f1a-4b13-b2da-0eb5da525a2b
Sonic Symphony ,acct_7d732ee9-9062-49f8-b272-a980d4dc7e5f,June - July USA 2024,tour_46b247e9-7f56-482c-bdb1-92ded9e54baf
Sonic Symphony ,acct_7d732ee9-9062-49f8-b272-a980d4dc7e5f,Sept 2023 - March 2024,tour_ccf848f6-a20d-42b0-a78a-119ae048394d
Soul Asylum (MH),acct_f175ba2d-c38b-411d-84b0-1a4a0c5095a2,December One Offs 2019,tour_c600d771-5406-4586-bdf8-13bc2c4bd811
Soul Asylum (MH),acct_f175ba2d-c38b-411d-84b0-1a4a0c5095a2,Winter 2020,tour_1a09b238-0ea7-464f-ab36-7d2166667582
Stardew Valley,acct_4a43d2be-8f83-41b3-b933-2d647246dbc4,April - May UK - EU 2024 ,tour_2ef0231f-c94b-4b5a-a031-a13d89e5c08f
Stardew Valley,acct_4a43d2be-8f83-41b3-b933-2d647246dbc4,Asia Dates,tour_3df9665f-9af6-4375-87b6-cd24a9357b0d
Stardew Valley,acct_4a43d2be-8f83-41b3-b933-2d647246dbc4,Feb - March US & Canada,tour_41cf8c47-d324-4713-b56a-5871a73de6a5
Stardew Valley,acct_4a43d2be-8f83-41b3-b933-2d647246dbc4,May - June US 2024,tour_35edd48c-d982-4768-a5f8-a518bd3bbbc2
Stardew Valley,acct_4a43d2be-8f83-41b3-b933-2d647246dbc4,New Zealand - Aus April 2024,tour_4a32ade4-af2a-4f85-b760-84a3492af954
Taylor Tomlinson (MH),acct_4f51d6cc-364c-45d6-b3b1-9592d174c7ff,Deal With It Tour 2021,tour_418d4f19-4dbb-48b5-b1f3-fb07b2aef965
Taylor Tomlinson (MH),acct_4f51d6cc-364c-45d6-b3b1-9592d174c7ff,Deal With It Tour 2022,tour_5c297dcd-b965-4846-93cf-6e44a3cf3ce5
The Buggles (MH),acct_be754155-49d5-4150-82d7-f3262251f15a,Seal Support 2023 (Apr-Jun),tour_355c2ef5-62ca-4e90-9603-b2200a97f08a
The Chats (MH),acct_a1180a57-b89e-4f20-8b8d-ee7890ab20a1,North America 2022,tour_7758f00a-72d3-42a1-b5cf-2a3f9ef827a0
The Chats (MH),acct_a1180a57-b89e-4f20-8b8d-ee7890ab20a1,US/CAN 2022 w/ The Bronx,tour_cdac48c4-a251-4a21-ac30-83168d7395b4
The Damned Things,acct_5c1c3c94-e606-4533-bd32-ee9694e0c933,May 2019,tour_9d7472d8-ad46-4919-a389-94ac9da0abeb
The Damned Things,acct_5c1c3c94-e606-4533-bd32-ee9694e0c933,Riot Fest ,tour_0f42f843-98df-469e-9cb4-987b6f37986e
The Interrupters (MH),acct_38c3a9f6-8878-4786-9968-1211ec5bac25,Cali Vibes Fest 24',tour_f876abdb-d8f0-4dc9-825e-23f34dd82d85
The Interrupters (MH),acct_38c3a9f6-8878-4786-9968-1211ec5bac25,US Tour 2024,tour_ea995a72-6424-4565-ae39-cf10cf8e074d
The Sisters Of Mercy (MH),acct_e4880d13-5078-419b-a979-dddda3bdb3f7,First Tour,tour_0583d31c-77da-434b-a927-12b62c74e16e
The Smashing Pumpkins (MH),acct_362dc3cf-8665-44e8-af8e-2f6b6868c177,April - May US 2022,tour_e9a9c35f-c743-4893-8818-8f60260050f0
The Smashing Pumpkins (MH),acct_362dc3cf-8665-44e8-af8e-2f6b6868c177,Sept 2021 Festivals ,tour_4ba0fc53-76ba-47df-8cf0-58bea0cbecca
The Zombies (MH),acct_87e117e9-6e05-43b3-ab25-684030ad33e0,April - May US 2022,tour_6ebe04b3-23fa-4616-85e2-8f8e39e0cf6f
The Zombies (MH),acct_87e117e9-6e05-43b3-ab25-684030ad33e0,June - July 2022 US,tour_715150cd-8dc1-4f82-9d92-9f6d2d1395d3
The Zombies (MH),acct_87e117e9-6e05-43b3-ab25-684030ad33e0,US / Can Fall 2020,tour_033ab5e0-ac49-405e-a306-0a041366506b
Toto (MH),acct_a666ec3a-4b5b-439a-b9a7-346312730f39,Journey Support Tour 2022,tour_01536e20-154d-4bbc-947d-4e94fd17c2ba
Toto (MH),acct_a666ec3a-4b5b-439a-b9a7-346312730f39,Journey Support Tour 2024,tour_69936a31-1650-4efc-bdb9-e3128513a88b
Toto (MH),acct_a666ec3a-4b5b-439a-b9a7-346312730f39,Journey Support Tour Feb - April 2023,tour_ff6fcdbb-f233-4161-9f69-dc2c112d37ff
Train,acct_923e7388-56c1-41a8-8b46-39fcc9f6ceaa,April - May UK - EU 2024,tour_da64a2fb-966e-4c90-bfe4-19404f6d7b59
Train,acct_923e7388-56c1-41a8-8b46-39fcc9f6ceaa,July - Sept Summer 2024 Tour,tour_28b6b111-2e1d-4936-ad55-5c1d23eeedc4
Trevor Noah (MH),acct_ed32ff71-6657-4f6c-b2d0-237280ffb641,2023,tour_ba654b35-8281-45f3-86ed-77fd219bf3a2
Trevor Noah (MH),acct_ed32ff71-6657-4f6c-b2d0-237280ffb641,EU - UK June - July 2023 ,tour_c2b9a0da-cbad-47a7-a2b8-a82fc5dd68c4
Two Door Cinema Club (MH),acct_ce5750af-db25-4174-bebb-9009f33c20f5,Summer 2021,tour_606dbf78-c7a2-4394-bb9c-65da86024aac
Tyler Childers (MH),acct_7669179f-f107-45fc-b6e6-e9bf457b9059,Europe Tour 2024,tour_0b269850-2395-4619-ab78-91c8bfcd1ca0
Tyler Childers (MH),acct_7669179f-f107-45fc-b6e6-e9bf457b9059,Lexington NYE 2023,tour_21db7022-bbbb-4d8f-9f1e-04c1671624d4
Tyler Childers (MH),acct_7669179f-f107-45fc-b6e6-e9bf457b9059,US Tour 2024 Leg 1,tour_3dc481ef-cb8b-4eb2-b5cf-68f50d2e2ba1
Tyler Childers (MH),acct_7669179f-f107-45fc-b6e6-e9bf457b9059,US Tour 2024 Leg 2,tour_d7459541-a489-4faa-bbb7-2e964c82478a
Tyler Childers (MH),acct_7669179f-f107-45fc-b6e6-e9bf457b9059,US Tour 2024 Leg 3,tour_e8e414e4-a430-4146-ac72-13c1a40ca55c
Tyler Childers (MH),acct_7669179f-f107-45fc-b6e6-e9bf457b9059,US Tour 2024 Leg 4,tour_84539b33-a15e-43e9-ae90-e677e1b120bc
W.A.S.P,acct_7f2e32c0-54c3-4c95-bdbc-6992b556773e,Oct-Dec 2022 Tour,tour_17537780-2392-4afe-a63f-b204c91e5bbb
WILLIE'S RESERVE (MH),acct_92277131-c007-4020-ae62-da586950fb42,April - May 2024,tour_fbc50d6b-916f-4e4d-93aa-2c8aa77ac643
WILLIE'S RESERVE (MH),acct_92277131-c007-4020-ae62-da586950fb42,Feb - March 2024,tour_94030e82-57fc-4b0a-a3ec-4ff7a8c2882c
WILLIE'S RESERVE (MH),acct_92277131-c007-4020-ae62-da586950fb42,Outlaw Tour June - Sept 2024,tour_31e7c527-17b0-4dad-a782-b173f093ceaa
War of Ages (MH),acct_b686539e-8c76-4b1e-ba5c-8ea35889a1a1,Feb-March 2020,tour_ed5a7710-65fc-4ca7-9d0e-b3a1cc2677d8
Warren Hue,acct_0621ee0d-d281-4caa-b7dc-c62cb7cdf0e6,October Tour 2022,tour_81456075-0bb5-4c27-a10f-ca2fa22d5012
Warren Hue - Ship to Home,acct_0a55d9b2-6a67-4567-953f-17ac4e1a7af0,Placeholder,tour_0a55d9b2-6a67-4567-953f-17ac4e1a7af0
We The Kings,acct_6bab5e10-b462-4937-ac1f-602ce51b1650,Jan 2024,tour_4d41d51e-f5a7-4db2-a780-4ef11bccf80c
Weezer (MH),acct_0f01b8b9-148c-447f-83ce-17571930e7c3,June UK Support 2024,tour_7b440949-609e-4543-87d0-59b1adcd8a34
Weezer (MH),acct_0f01b8b9-148c-447f-83ce-17571930e7c3,March 2024 One Off,tour_6b48d37e-7427-44fc-86bf-a5bf0f4d708b
Weezer (MH),acct_0f01b8b9-148c-447f-83ce-17571930e7c3,May US 2024 One Off,tour_9e525518-1cba-4cf8-a93b-d3849dace757
Weezer (MH),acct_0f01b8b9-148c-447f-83ce-17571930e7c3,Sept - Oct US Blue Album 2024,tour_34897a5c-3031-48e3-8156-93211932b482
Willow (MH),acct_da5c23c1-a5ec-4e7c-ba9c-7a6ad7f43a8f,First Tour,tour_3f9c32b6-1ec4-4a93-af0f-1b6e5a926daa
X Ambassadors (MH),acct_a9942407-72b3-471f-9687-50c75eab65e2,Summer 2022 (May-Jul),tour_9d478646-adc9-4e46-8d30-181bea963e71
X Ambassadors (MH),acct_a9942407-72b3-471f-9687-50c75eab65e2,US October - Nov 2021,tour_9e525c5e-a38b-4e7c-8294-e2abebf30e0b
YES (MH),acct_62074348-6b44-4cd1-a389-29279282b8b0,UK - EU April - June 2024,tour_afff1355-29a8-483e-a1a6-f3f791eea91d
YES (MH),acct_62074348-6b44-4cd1-a389-29279282b8b0,US Sept -Nov 2023,tour_f4a4046e-8de6-4ece-9124-54ad727d3f11
Yellowcard (MH),acct_1a812d6e-b3cd-43e6-9391-c02271bdaa57,Feb Cruise 2024,tour_0c6c89cd-6386-40f7-aac4-60b43786a9f5
Yellowcard (MH),acct_1a812d6e-b3cd-43e6-9391-c02271bdaa57,Jan 2024 One Off,tour_940add31-68c4-4519-b1b4-25c71cae47d3
Yellowcard (MH),acct_1a812d6e-b3cd-43e6-9391-c02271bdaa57,June - August Summer 2024 Tour,tour_33ebba56-a63e-468c-9902-8f1fe33eb44b
Zac Brown Band (MH),acct_4b57de9f-0a23-46df-b26c-9b985153e5b8,Houston Rodeo 2024,tour_f7ae99f0-9100-4536-b433-8ebcddeeaf9e
Zac Brown Band (MH),acct_4b57de9f-0a23-46df-b26c-9b985153e5b8,Q2 ZBB 2024,tour_3b0a835c-d5c1-41cc-b80e-363b70d05cc3
Zac Brown Band (MH),acct_4b57de9f-0a23-46df-b26c-9b985153e5b8,ZBB Florida One-Off 2024,tour_e3d6b3ab-1a6a-40a9-96a6-42933d7683c1
Zach Top (MH),acct_71f30202-ac21-440a-9774-57449cc68c01,US Tour 2024,tour_fb46cd99-9801-4e97-8905-7dfac1f30eed
Zedd (MH),acct_a8fd3fe6-cc3d-445b-a208-3514bc412461,One Offs 2021,tour_92769bd1-0665-4297-8a96-44619e3a1035
